[
  {
    "first_name": "Joshua",
    "middle_name": "Premor",
    "last_name": "Algadipe",
    "age": "23",
    "gender": "Male",
    "grade": "12",
    "section": "ABM",
    "contact": "09319127640",
    "address": "CABULIHAN, VALLEHERMOSO, 6224, Philippines",
    "guardian": "Milton Algadipe",
    "rfid_code": "STUDENT_46736321"
  },
  {
    "first_name": "Vallehermoso National",
    "middle_name": "e e",
    "last_name": "High School",
    "age": "424",
    "gender": "Female",
    "grade": " r",
    "section": " r we",
    "contact": "3434",
    "address": "Poblacion, Vallehermoso",
    "guardian": "s ew w",
    "rfid_code": "joshua",
    "photo": "joshua.jpg"
  },
  {
    "first_name": "Jayver",
    "middle_name": "Premor",
    "last_name": "Algadipe",
    "age": "22",
    "gender": "Male",
    "grade": "3",
    "section": "Computer Science",
    "contact": "09319127640",
    "address": "CABULIHAN, VALLEHERMOSO, 6224, Philippines",
    "guardian": "Socoro, Algadipe",
    "rfid_code": "joshua2",
    "photo": "joshua2.jpg"
  },
  {
    "first_name": "Mylen",
    "middle_name": "Robert",
    "last_name": "Saruay",
    "age": "24",
    "gender": "Female",
    "grade": "3",
    "section": "BC - Major in English",
    "contact": "09456783456",
    "address": "Hibaiyo, Negros Oriental",
    "guardian": "Kiara Saruay",
    "rfid_code": "STUDENT_MYLA-56943",
    "photo": "STUDENT_MYLA-56943.jpg"
  },
  {
    "first_name": "Michael",
    "middle_name": "Denin",
    "last_name": "Joe",
    "age": "21",
    "gender": "Male",
    "grade": "1",
    "section": "CTT-12",
    "contact": "09567456657",
    "address": "M. Serion Street",
    "guardian": "N/A",
    "rfid_code": "denin-12345",
    "photo": "denin-12345.jpg"
  },
  {
    "first_name": " trh tht h",
    "middle_name": "r trh",
    "last_name": " rth rt",
    "age": "5757",
    "gender": "Female",
    "grade": "5 ym 5y ",
    "section": "5y 54y ",
    "contact": "5y 54",
    "address": " 5y 45 ",
    "guardian": "54y 54",
    "rfid_code": "test",
    "photo": null
  },
  {
    "first_name": "Medo",
    "middle_name": "Wer",
    "last_name": "Alsoy",
    "age": "34",
    "gender": "Male",
    "grade": "6",
    "section": "67",
    "contact": "09319127640",
    "address": "CABULIHAN, VALLEHERMOSO, 6224, Philippines",
    "guardian": "n/a",
    "occupation": "Employee",
    "rfid_code": "aaaaa",
    "photo": "aaaaa.jpg"
  }
]