[
  {
    "student_id": "test",
    "rfid": "test",
    "timestamp": "2025-08-05T11:26:06.678196",
    "status": "IN",
    "first_name": " trh tht h",
    "middle_name": "r trh",
    "last_name": " rth rt",
    "age": "5757",
    "grade": "5 ym 5y ",
    "strandOrSec": "5y 54y ",
    "gender": "Female",
    "guardian": "54y 54",
    "occupation": "",
    "contact": "5y 54",
    "address": " 5y 45 ",
    "photo": null,
    "avatar": null
  },
  {
    "student_id": "joshua",
    "rfid": "joshua",
    "timestamp": "2025-08-05T11:26:18.926798",
    "status": "IN",
    "first_name": "Vallehermoso National",
    "middle_name": "e e",
    "last_name": "High School",
    "age": "424",
    "grade": " r",
    "strandOrSec": " r we",
    "gender": "Female",
    "guardian": "s ew w",
    "occupation": "",
    "contact": "3434",
    "address": "Poblacion, Vallehermoso",
    "photo": "joshua.jpg",
    "avatar": "http://127.0.0.1:5055/api/photo/joshua.jpg"
  },
  {
    "student_id": "joshua2",
    "rfid": "joshua2",
    "timestamp": "2025-08-05T11:26:37.593466",
    "status": "IN",
    "first_name": "Jayver",
    "middle_name": "Premor",
    "last_name": "Algadipe",
    "age": "22",
    "grade": "3",
    "strandOrSec": "Computer Science",
    "gender": "Male",
    "guardian": "Socoro, Algadipe",
    "occupation": "",
    "contact": "09319127640",
    "address": "CABULIHAN, VALLEHERMOSO, 6224, Philippines",
    "photo": "joshua2.jpg",
    "avatar": "http://127.0.0.1:5055/api/photo/joshua2.jpg"
  },
  {
    "student_id": "STUDENT_MYLA-56943",
    "rfid": "STUDENT_MYLA-56943",
    "timestamp": "2025-08-05T11:27:32.918023",
    "status": "IN",
    "first_name": "Mylen",
    "middle_name": "Robert",
    "last_name": "Saruay",
    "age": "24",
    "grade": "3",
    "strandOrSec": "BC - Major in English",
    "gender": "Female",
    "guardian": "Kiara Saruay",
    "occupation": "",
    "contact": "09456783456",
    "address": "Hibaiyo, Negros Oriental",
    "photo": "STUDENT_MYLA-56943.jpg",
    "avatar": "http://127.0.0.1:5055/api/photo/STUDENT_MYLA-56943.jpg"
  },
  {
    "student_id": "STUDENT_MYLA-56943",
    "rfid": "STUDENT_MYLA-56943",
    "timestamp": "2025-08-05T11:27:36.027486",
    "status": "OUT",
    "first_name": "Mylen",
    "middle_name": "Robert",
    "last_name": "Saruay",
    "age": "24",
    "grade": "3",
    "strandOrSec": "BC - Major in English",
    "gender": "Female",
    "guardian": "Kiara Saruay",
    "occupation": "",
    "contact": "09456783456",
    "address": "Hibaiyo, Negros Oriental",
    "photo": "STUDENT_MYLA-56943.jpg",
    "avatar": "http://127.0.0.1:5055/api/photo/STUDENT_MYLA-56943.jpg"
  },
  {
    "student_id": "joshua2",
    "rfid": "joshua2",
    "timestamp": "2025-08-05T11:28:17.245264",
    "status": "OUT",
    "first_name": "Jayver",
    "middle_name": "Premor",
    "last_name": "Algadipe",
    "age": "22",
    "grade": "3",
    "strandOrSec": "Computer Science",
    "gender": "Male",
    "guardian": "Socoro, Algadipe",
    "occupation": "",
    "contact": "09319127640",
    "address": "CABULIHAN, VALLEHERMOSO, 6224, Philippines",
    "photo": "joshua2.jpg",
    "avatar": "http://127.0.0.1:5055/api/photo/joshua2.jpg"
  },
  {
    "student_id": "denin-12345",
    "rfid": "denin-12345",
    "timestamp": "2025-08-05T11:29:01.351623",
    "status": "IN",
    "first_name": "Michael",
    "middle_name": "Denin",
    "last_name": "Joe",
    "age": "21",
    "grade": "1",
    "strandOrSec": "CTT-12",
    "gender": "Male",
    "guardian": "N/A",
    "occupation": "",
    "contact": "09567456657",
    "address": "M. Serion Street",
    "photo": "denin-12345.jpg",
    "avatar": "http://127.0.0.1:5055/api/photo/denin-12345.jpg"
  },
  {
    "student_id": "aaaaa",
    "rfid": "aaaaa",
    "timestamp": "2025-08-05T13:22:22.650201",
    "status": "IN",
    "first_name": "Medo",
    "middle_name": "Wer",
    "last_name": "Alsoy",
    "age": "34",
    "grade": "6",
    "strandOrSec": "67",
    "gender": "Male",
    "guardian": "n/a",
    "occupation": "Employee",
    "contact": "09319127640",
    "address": "CABULIHAN, VALLEHERMOSO, 6224, Philippines",
    "photo": "aaaaa.jpg",
    "avatar": "http://127.0.0.1:5055/api/photo/aaaaa.jpg"
  },
  {
    "student_id": "aaaaa",
    "rfid": "aaaaa",
    "timestamp": "2025-08-05T13:22:37.836127",
    "status": "OUT",
    "first_name": "Medo",
    "middle_name": "Wer",
    "last_name": "Alsoy",
    "age": "34",
    "grade": "6",
    "strandOrSec": "67",
    "gender": "Male",
    "guardian": "n/a",
    "occupation": "Employee",
    "contact": "09319127640",
    "address": "CABULIHAN, VALLEHERMOSO, 6224, Philippines",
    "photo": "aaaaa.jpg",
    "avatar": "http://127.0.0.1:5055/api/photo/aaaaa.jpg"
  }
]